#SCIM_Generic_Table_Phrase_Library_TEXT,
#VERSION_1_0,
#### Begin Table definition.,
#BEGIN_DEFINITION,
#UUID = 14cd4cf2-9512-4634-b3f6-60ef0de7d26c,
#SERIAL_NUMBER = 20110712,
#ICON = /usr/share/scim/icons/hkim.png,
#NAME = MOE_HKIM,
#NAME.zh_CN = Å_³¿Í¼ÒÕZÆ´Òôİ”Èë·¨(ËÄ¿h,Õ{ĞÍ)
#NAME.zh_HK = Å_³¿Í¼ÒÕZÆ´Òôİ”Èë·¨(ËÄ¿h,Õ{ĞÍ)
#NAME.zh_TW = Å_³¿Í¼ÒÕZÆ´Òôİ”Èë·¨(ËÄ¿h,Õ{ĞÍ)
#LANGUAGES = zh_TW,zh_HK
#AUTHOR = ½ÌÓı²¿‡øÕZÍÆĞĞÎ¯†T•ş (http://www.edu.tw/mandr/),
#,
##################################################,
#########¸ù“şÅ_³¿Í¼ÒÆ´Òôİ”Èë·¨¸ÄÔì¶øí£¬Œ¢ÈëÂ•×ÖíÎ²b¡¢d¡¢g¸Ä ‘ÒÔp¡¢t¡¢k½YÎ²,
a,°¢
a,°¡
a,—¿
a,øf
a,†¡
a,†
a,’é
ab,Ñº
ab,ø†
ab,‰º
ad,é‘
ag,¶ó
ag,ßÀ
ag,Ü—
ag,â…
ai,°¦
ai,°¤
ai,°«
ai,°¯
am,âÖ
am,±Q
am,••
am,°µ
am,áZ
am,ÑÚ
an,í¥
ang,°»
ang,ˆt
au,°¼
au,°Ã
au,ŞÖ
au,Ôo
ba,°Í
ba,°È
ba,°Å
ba,°Ì
ba,°Ê
ba,ôÎ
ba,°Ñ
ba,°Ğ
ba,°Ö
ba,°Ô
ba,‰Î
ba,“d
ba,±³
bad,°Ë
bad,–[
bad,°Î
bad,À
bad,“Ü
bad,Ü@
bag,°Ï
bag,°Ù
bag,°Û
bag,°Ø
bag,²®
bag,ë¢
bai,êş
bai,”[
bai,°İ
bai,õË
bai,ÅÅ
bai,??
ban,°â
ban,°à
ban,°ã
ban,°ß
ban,°á
ban,îC
ban,Úæ
ban,°å
ban,°æ
ban,»{
ban,°ë
ban,½O
ban,°ç
bang,°î
bang,’²
bang,¿‡
bang,±Ä
bang,Åé
bau,°ü
bau,°ú
bau,°û
bau,ï–
bau,±ª
bau,±©
bau,õU
bau,±¬
be,±È
be,ÏK
bed,±±
bed,±Æ
bed,Ÿ•
bed,ÆÈ
ben,±À
ben,±ù
ben,„R
beu,±ë
beu,œı
beu,˜Ë
beu,çS
beu,ïj
beu,ïk
beu,±í
beu,ål
bi,Úé
bi,±­
bi,±°
bi,±¯
bi,±®
bi,Ø
bi,±³
bi,ªN
bi,İ…
bi,±È
bi,±Ë
bi,±Ó
bi,±İ
bi,é]
bi,±Ö
bi,æ¾
bi,†ô
bi,¯w
bi,±Î
bi,±×
bi,Å
bi,ó÷
bi,÷Â
bi,”À
bi,ïw
bi,·È
bi,òã
bi,ğò
bi,ÃÚ
bi,µz
bi,Æ¢
bi,òç
biag,±Ú
biag,àè
biang,±û
biang,±ú
biang,ï
biang,Åê
biang,ŞÕ
bid,±Æ
bid,¹P
bid,±Ø
bid,®…
bid,œ 
bid,†ô
bid,±Ì
bid,úz
bid,…ñ
bid,??
bied,†^
bied,÷M
bied,“Å
bien,¾
bien,±Ş
bien,ß…
bien,¯V
bien,±â
bien,ØÒ
bien,ÙH
bien,“O
bien,±é
bien,Şp
bien,×ƒ
bin,±ò
bin,Ùe
bin,I
bin,™‰
bin,±ø
bin,—€
bin,±ü
bin,·A
bin,ã
bin,K
bin,Şğ
bin,Š^
biong,èÊ
biong,·Å
biu,œı
bo,ìÒ
bo,°ı
bo,±£
bo,±¤
bo,ñÙ
bo,Œš
bo,ˆó
bo,²¨
bo,²£
bo,²¥
bo,õÛ
bod,°l
bog,„ƒ
bog,?
bog,²©
bog,²«
bog,?
bog,ñg
bog,²²
bog,†\
boi,±³
boi,õÛ
boi,Åã
boi,Şå
boi,…ğ
bong,Í
bong,½‰
bong,°ñ
bong,°ô
bong,°ø
bong,°õ
bong,Ör
bong,±Ã
bong,Åé
bu,êÎ
bu,²¸
bu,Ña
bu,²¼
bu,Ñ
bu,²À
bu,ğJ
bu,¸«
bu,ÆÔ
bud,›Â
bud,²»
bud,†\
bud,’g
bug,²·
bug,·ù
bug,¸¹
bun,±¼
bun,ßG
bun,±¾
bun,±¿
bun,·Ö
bun,¼S
bung,Åõ
ca,²æ
ca,è¾
ca,²è
ca,²é
ca,²ë
ca,²í
ca,²î
ca,Ü‡
ca,³¶
ca,Éİ
ca,Ùd
ca,’Å
cab,²å
cab,??
cab,ës
cad,²ì
cad,³¸
cad,³·
cad,Ø
cad,Íl
cag,ƒÔ
cag,²ğ
cag,³ß
cag,³à
cag,–Å
cai,²Â
cai,²Ä
cai,²Ã
cai,²É
cai,’ñ
cai,²Ê
cai,¾Z
cai,²È
cai,²Ì
cai,²î
cai,âO
cai,´ê
cai,“H
cai,ÔÚ
cai,Õ¯
cai,ñ©
cam,…¢
cam,‚ğ
cam,‘M
cam,ĞQ
cam,‘K
cam,“½
cam,×‹
cam,‘Ô
cam,É¼
cam,çY
cam,Õ¾
can,šˆ
can, N
can,Àp
can,„•
can,—£
can,¾`
cang,“Î
cang,³Ì
cang,??
cang,êÉ
cang,à
cang,??
cau,²Ù
cau,³­
cau,³³
cau,³´
cau,ñé
cau,Ôê
ce,³¶
ce,³Õ
ce,´à
ce,ßr
ce,ıR
ce,¼š
ce,œş
ced,²ß
ced,ú
ced,œy
ced,Èû
ced,“ñ
ced,É
ced,Ù\
ced,Õ¬
cem,á¯
cem,ä¹
cem,?
cen,Ôø
cen,ŒÓ
cen,Òr
cen,Éë
cen,Ù›
ceu,³¬
ceu,ân
ceu,êË
ceu,³¯
ceu,³°
ceu,³±
ceu,œ
ceu,àİ
ceu,ã¾
ceu,éÔ
ceu,Êİ
ceu,Úw
cii,ò¿
cii,³Õ
cii,³Ø
cii,³Ú
cii,³Ö
cii,Ü¯
cii,ßt
cii,³Ş
cii,u
cii,ıX
cii,ñİ
cii,Ÿë
cii,äz
cii,´Ã
cii,ìô
cii,´É
cii,Ô~
cii,´È
cii,´Å
cii,´Æ
cii,Şo
cii,´Ë
cii,´Î
cii,´Ì
cii,´×
cii,Ê¼
cii,ÊÁ
cii,Ô‡
cii,³×
cii,ËÃ
cii,ï•
cii,?
cii,ÖÎ
cii,ÖÌ
cii,ïô
cii,ÖÉ
cii,×Ô
cii, ¼
ciid,³â
ciid,ï†
ciid,Ö±
ciid,Š©
ciid,Öµ
ciid,Ö²
ciid,Ö³
ciim,³Á
ciim,Éî
ciim,øc
ciin,²_
ciin,ê
ciin,‰m
ciin,³Ã
ciin,·Q
ciin,³Ê
ciin,³Î
ciin,³È
ciin,³Ñ
ciin,³Ó
ciin,ê‡
co,²Ú
co,²Ü
co,²Û
co,²İ
co,õí
co,´ê
co,äS
co,åe
co,ÔÚ
co,Ôì
co,×ò
co,×ø
co,×ù
cod,à¨
cod,´é
cog,Ø¡
cog,õÖ
cog,´Á
cog,ÔÚ
cog,è
cog,Öø
cog,×ò
coi,²Å
coi,²Ä
coi,Ø”
coi,²Ã
coi,²Ê
coi,²Ë
coi,´µ
coi,´¶
coi,´à
coi,Ù
coi,Ë¥
coi,ÔÚ
con,²Í
con,´¨
con,´©
con,‚÷
con,´®
con,´Û
con,éV
con,×«
con,×­
con,Ù
cong,‚}
cong,Én
cong,œæ
cong,Å“
cong,²Ø
cong,²ı
cong,æ½
cong,éL
cong,ˆö
cong,Äc
cong,S
cong,³«
cong,³ª
cong,•³
cong,¯
cong,´²
cong,„“
cong,ÅK
cong,ÕÉ
cong,ÕÈ
cong, î
cong,×²
cu,³é
cu,³ê
cu,³í
cu,¾I
cu,³ó
cu,áh
cu,³ô
cu,³õ
cu,³ı
cu,äz
cu,N
cu,™»
cu,³ş
cu,ƒ¦
cu,µA
cu,Ì
cu,´Ö
cu,´×
cu,«F
cu,Êî
cu,Êó
cu,¼q
cu,Öú
cu,×¡
cu,Ær
cu,Öù
cud,³ö
cud,ıi
cud,’Û
cug,Ğó
cug,´¤
cug,Ó|
cug,´Ù
cug,ËÔ
cug,íØ
cug,Öğ
cug,á
cug,×å
cui,´µ
cui,´¶
cui,´·
cui,“€
cui,é³
cui,åN
cui,´Ş
cui,´ß
cui,´İ
cui,è­
cui,İÍ
cui,ã²
cui,´â
cui,´ä
cui,ê 
cui,Ë¥
cui,‰‹
cui,×ï
cun,´º
cun,´å
cun,ñå
cun,´æ
cun,ââ
cun,´ç
cun,Éì
cung,³ä
cung,›_
cung,Ğn
cung,³ç
cung,Ïx
cung,ã|
cung,´°
cung,´Ò
cung,‡è
cung,Ê[
cung,Â”
cung,…²
cung,‰V
cung,ÖÙ
cung,ÖØ
da,´ò
da,àÇ
da,†Æ
da,ŠL
dab,´î
dab,àª
dab,ñ×
dab,´ğ
dab,œÍ
dab,??
dab,Ì¤
dab,ÙN
dad,óÎ
dad,Öµ
dag,µÄ
dag,’F
dag,³K
dag,Öğ
dag,×Á
dai,´õ
dai,§
dai,´÷
dai,µÍ
dai,µ×
dam,íñ
dam,µ¢
dam,ğã
dam,“ú
dam,Ä‘
dam,Ì½
dam,×d
dan,µ¤
dan,†Î
dan,µ©
dan,µ«
dan,ÕQ
dang,?
dang,µÉ
dang,Øê
dang,¶£
dang,¶¢
dang,á”
dang,í”
dang,Ó†
dau,Í¶
dau,Öø
de,Ûì
de,à©
de,¶ß
deb,Û@
deb,Õ´
deb,”S
ded,µÃ
ded,µÂ
dem,³Á
dem,â\
dem,Û{
dem,¼
dem,›X
dem,µÅ
dem,Õ´
den,µÇ
den,Ÿô
den,¸~
den,µÈ
den,µÊ
den,¶¡
den,¶£
deu,¶µ
deu,óû
deu,¶¸
deu,¶·
deu,ôY
deu,¸]
di,Àp
di,µÖ
di, ¹
di,µÛ
di,µÙ
di,Œ¦
di,Ñe
di,ÔÚ
di,Öª
di,Ö©
dia,ÛL
dia,õŞ
diab,‰|
diab,ÙN
diag,“ó
diag,’F
diam,üc
diam,µê
diam,Ìñ
diam,Õè
diau,µó
diau,µğ
diau,µò
diau,õõ
diau,µï
diau,µñ
diau,ŒÅ
diau,t
diau,µõ
diau,á
diau,Õ{
diau,øB
diau,Öø
did,µÄ
did,àÖ
did,µÎ
did,µÕ
did,Şæ
did,ßm
died,µÃ
died,µø
dien,î
dien,°d
dien,µä
dien,µâ
dien,Õ¹
dien,×
din,¶£
din,á”
din,í”
din,¶¦
din,Ó†
din,Í¡
dio,¶å
diog,øB
diog,Öø
diong,éL
diong,ˆ
diu,G
do,µ¶
do,ß¶
do,µ¹
do,u
do,µ½
do,¶à
do,¶ã
do,ÔÚ
do,Öø
dod,ßÍ
dog,¶ç
dog,øB
dog,í½
dog,×Á
doi,¶Ñ
doi,íÔ
doi,ßÍ
don,¶Ë
don,¶Ì
don,´V
don,”à
dong,®”
dong,‡
dong,“õ
dong,™n
dong,üh
dong,Ù×
dong,ÖØ
du,¶¼
du,à½
du,¶Â
du,¶Ã
du,Ù€
du,¶Ç
du,¶Ê
du,??
du,ó¼
du,Œ¦
du,ÔÚ
du,Öë
du,Ğ
du,ÙA
dud,ßÍ
dud,“\
dud,?
dug,¶½
dug,ºV
dug,äÃ
dug,?
dug,×Ä
dui,??
dui,ƒ¶
dui,Œ¦
dui,ÔÚ
dui,×·
dun,ª
dun,¶Ø
dun,¶Õ
dun,‡
dun,Ÿõ
dun,ç…
dun,ÜO
dun,˜J
dun,îD
dun,¶Ú
dun,Õ
dung,“_
dung,¶¬
dung,–|
dung,ßË
dung,¶­
dung,ƒö
dung,–
dung,—
dung,??
dung,ÖĞ
e,°¦
e,šG
e,×Ğ
ed,¶ò
ed,Ò­
em,Şî
en,¶÷
en,úL
en,‘ª
eu,a
eu,šW
eu,šª
eu,Ÿà
eu,‡I
fa,»¨
fa,»®
fa,ÈA
fa,»¯
fa,®‹
fa,Ô’
fab,·¨
fad,°l
fad,·¦
fad,·¥
fad,·¤
fad,éy
fad,ÁP
fad,»î
fad,éŸ
fag,’î
fag,??
fai,»´
fai,»±
fai,‘Ñ
fai,‰Ä
fam,·«
fam,·²
fam,·¸
fam,·º
fam,·¶
fam,¹ 
fam,»¼
fan,·¬
fan,Ş¬
fan,á¦
fan,·­
fan,Ÿ©
fan,·±
fan,µ\
fan,·´
fan,·µ
fan,Øœ
fan,ïˆ
fan,­h
fan,»Ã
fang,?
fang,’î
fe,¸
fed,»ò
fed,»ó
fed,«@
fen,ºë
fen,ºê
feu,·ñ
feu,¸¡
fi,U
fi,åú
fi,·Ç
fi,ïw
fi,·Æ
fi,·È
fi,·Ë
fi,ôä
fi,·Î
fi,ÙM
fi,»Ö
fi,“]
fi,İx
fi,»Õ
fi,»Ø
fi,Üî
fi,Ş’
fi,»×
fi,»Ú
fi,š§
fi,»Ü
fi,»Ş
fi,»İ
fi,…R
fi,ÙV
fi,•ş
fi,¡
fi,Õd
fi,»Û
fi,ÖM
fid,·÷
fin,·÷
fin,ºÛ
fo,ºÍ
fo,»ğ
fo,»ï
fo,Ø›
fo,µœ
fog,»ô
fog,??
foi,»Ò
fon,šg
fon,¾
fon,ŠJ
fon,»Â
fon,†¾
fon,Ÿ¨
fong,·½
fong,·»
fong,·¼
fong,·À
fong,·Á
fong,·¾
fong,·¿
fong,·Â
fong,¼
fong,ÔL
fong,·Å
fong,»Ä
fong,»Å
fong,»Ê
fong,»Ë
fong,Úò
fong,»Í
fong,äê
fong,»È
fu,·ò
fu,¸
fu,ûŸ
fu,·ó
fu,Äw
fu,·ö
fu,·ı
fu,¸¡
fu,·û
fu,¸«
fu,¸®
fu,¸©
fu,¸­
fu,¸¯
fu,“á
fu,¸¸
fu,¸¶
fu,¸½
fu,¸À
fu,¸°
fu,Ø“
fu,Ó‡
fu,¸±
fu,‹D
fu,¸µ
fu,¸»
fu,ñ€
fu,Ùx
fu,ºô
fu,ºü
fu,»¡
fu,ºú
fu,‰Ø
fu,ºù
fu,ºş
fu,º÷
fu,ºı
fu,ôE
fu,»¢
fu,»¥
fu,‘ô
fu,ìæ
fu,×o
fu,¿à
fu,Ñ
fud,·ğ
fud,ºË
fud,ºö
fud,?
fud,àñ
fud,¿ß
fug,·ü
fug,·ş
fug,Üò
fug,·ù
fug,¸£
fug,òğ
fug,İ—
fug,Í
fug,Ñ}
fug,¸²
fug,¸¤
fun,·Ö
fun,·Ò
fun,·Ô
fun,·Õ
fun,¼Š
fun,·Ù
fun,·Û
fun,·İ
fun,·Ş
fun,‘
fun,Š^
fun,¼S
fun,»è
fun,»é
fun,È
fun,»ì
fun,»ê
fung,Òƒ
fung,·â
fung,ïL
fung,·å
fung,·é
fung,¯‚
fung,äh
fung,ØS
fung,·ê
fung,¿p
fung,ÖS
fung,·î
fung,Ùº
fung,øP
fung,ºæ
fung,ºç
fung,ºé
fung,¼t
ga,ê¸
ga,¸Â
ga,éÏ
ga,¼Ó
ga,¼Ñ
ga,åÈ
ga,¼Ï
ga,¼Ò
ga,ôÂ
ga,‚í
ga,¼Î
ga,Øj
ga,¼Ù
ga,¼Ü
ga,¼Ş
ga,ƒr
ga,ñ{
ga,¿§
ga,ÇÑ
gab,ßÈ
gab,ø
gab,ºÏ
gab,îa
gab,¼×
gab,ëÎ
gab,à¾
gab,Ç¢
gab,él
gad,¸Á
gad,½Y
gag,ê¸
gag,¸ñ
gag,¸ô
gag,ëõ
gag,÷À
gag,ºÏ
gag,?
gai,à®
gam,¸Ê
gam,ÜÕ
gam,¸Ì
gam,ğá
gam,ŒÀ
gam,¸Ò
gam,¸Ğ
gam,¸É
gam,ég
gam,±O
gam,œp
gam,Å
gam,èb
gam,èa
gan,ÆD
gang,¸ı
gang,¸û
gang,¸ş
gang,ßì
gang,¹£
gang,õ†
gang,¸ü
gang,¾¬
gang,½
gau,¸à
gau,¸â
gau,¸ã
gau,Õa
gau,½»
gau,½¼
gau,Üú
gau,òÔ
gau,Äz
gau,½Æ
gau,¹R
gau,½g
gau,ãq
gau,”‡
gau,½Ì
gau,½Ñ
gau,İ^
gau,½Í
gau,ÓX
gau,Ğ£
ge,Ô“
ge,¸ö
ge,‚€
gi,Ü‡
gi,Ÿ‰
gi,ØÀ
gi,ï|
gi,»ù
gi,»ş
gi,‡\
gi,™C
gi,ğ‡
gi,¼º
gi,×
gi,¼¼
gi,¼Ë
gi,Ó‹
gi,¼È
gi,¼o
gi,Ó›
gi,¼Ä
gi,ôß
gi,÷Ù
gi,¼½
gi,¾Ğ
gi,¾Ó
gi,ñx
gi,¾Ø
gi,Åe
gi,¾ä
gi,¾æ
gi,¾á
gi,“ş
gi,ä
gi,è½
gi,Ú
gi,Ö§
gi,Ö¦
gi,Ö«
gia,ØÊ
gia,Æé
giab,›Ñ
giab,ŠA
giab,Çv
giab,½Ù
giab,’¶
giag,åá
giam,¼æ
giam,“ì
giam,™z
giam,„¦
gian,ég
gian,º†
gian,ÒŠ
giang,ÇG
giang,ó@
giang,îi
giang,çR
giau,ïœ
giau,”‡
gib,½o
gib,¼±
gib,¼‰
gid,ßÒ
gid,¼¤
gid,“ô
gid,¼ª
gid,¼¬
gid,êª
gid,×
gid,éÙ
gie,ŞÎ
gie,õ°
gie,ëu
gie,Ó‹
gie,ÀM
gie,½Ô
gie,ëA
gie,½Ö
gie,½â
gie,½é
gie,½ä
gie,½æ
gie,ŒÃ
gie,½ç
gie,½ê
gie,Õ]
gieb,¼¤
gied,¸ï
gied,¸ñ
gied,½Ò
gied,½Y
gied,
gied,›Q
gied,ÔE
gied,Ş§
gied,ø`
gied,×H
gied,îR
giem,m
gien,W
gien,¸û
gien,¸ü
gien,¼é
gien,¼ç
gien,Š¦
gien,ˆÔ
gien,ég
gien,ÆD
gien,¼í
gien,’ş
gien,¹a
gien,º†
gien,ÒŠ
gien,½¨
gien,¾
gien,ÖG
gien,¾è
gien,¾ê
gien,ùN
gien,¾í
gien,’Ô
gien,¾ì
gien,??
gieu,¹´
gieu,ã^
gieu,œÏ
gieu,¹¶
gieu,¹·
gieu,èÛ
gieu,¹¸
gieu,‰ò
gieu,˜‹
gieu,Ù
gieu,‹É
gieu,ƒe
gieu,áè
gieu,³C
gieu,½Ğ
gieu,‡„
gieu,øF
gim,½ñ
gim,½ğ
gim,½ó
gim,å\
gim,½û
gin,¸ù
gin,½í
gin,½ï
gin,½î
gin,¾o
gin,¾©
gin,ÇG
gin,Ço
gin,½›
gin,¾°
gin,½
gin,¾¹
gin,¾´
gin,¾³
gio,õÊ
gio,„ó
giog,Ä_
giog,è‘
giong,½ª
giong,ËK
giong,Ç¼
giong,Š
giu,„ó
giu,¾¿
giu,¼m
giu,¾Å
giu,¾Ã
giu,¾Á
giu,¾Ä
giu,¾È
giu,Ú 
giug,’±
giug,Ÿh
giug,Öğ
giun,ƒH
giun,Ö”
giun,¾ù
giun,¾ı
giun,ÜŠ
giun,âx
giung,¹­
giung,¹§
giung,¹ª
giung,Œm
giung,¹°
giung,ì–
giung,¹©
giung,½µ
giung,Üº
go,¸ß
go,¸à
go,¸İ
go,¸â
go,¸å
go,¸æ
go,¸ç
go,¸è
go,¹Â
go,¹û
go,¹ü
go,ß^
god,¸î
god,¸ğ
gog,¿©
gog,”R
gog,??
gog,éw
gog,¸÷
gog,¹ù
gog,½Ç
gog,èö
gog,ÓX
gog,È·
goi,Ô“
goi,¸Ä
goi,Éw
goi,ëÜ
goi,õ°
gon,¸Î
gon,¸Í
gon,¸Ë
gon,¶’
gon,Ús
gon,¸É
gon,Ö
gon,¹Ù
gon,¹×
gon,Ó^
gon,?
gon,¹Ü
gon,ğ^
gon,¹Ú
gon,Ø
gon,¹Ş
gon,İÑ
gon,Ç¬
gong,Œù
gong,¸×
gong,„‚
gong,
gong,¾V
gong,ä“
gong,¸Û
gong,˜
gong,¹â
gong,ë×
gong,V
gong,¸‘
gong,»Î
gong,œê
gong,½­
gong,Öv
gong,½µ
gong,¿¸
gong,Íù
gu,¹À
gu,¹¾
gu,¹Á
gu,¹Â
gu,¹Ã
gu,¹½
gu,òÁ
gu,¹¼
gu,¹¿
gu,ø
gu,¹Å
gu,¹É
gu,êô
gu,¹Ä
gu,ëû
gu,¹Ì
gu,¹Ê
gu,¹Í
gu,ƒl
gu,åd
gu,î™
gu,¯Y
gu,Úœ
gua,¹Ï
gua,ßÉ
gua,„
gua,¹Ñ
gua,ØÔ
gua,’ì
gua,¹Ó
guad,¹Î
guad,ñø
guad,ïW
guad,À¨
guag,í¹
guai,¹Ô
guai,¹Õ
guai,??
guai,¹Ö
guan,êP
guan,‘T
guang,¹£
guang,èæ
guang,Ço
guang,—J
guang,Ã„
gud,¸ì
gud,¹Ç
gued,‡ø
gued,“
gued,½
gued,Äs
guen,¹¢
guen,Ş°
guen,¾¼
gug,İ
gug,¹È
gug,·Y
gui,ğ§
gui,Ò
gui,é|
gui,ı”
gui,šw
gui,Ü‰
gui,¹í
gui,¹ï
gui,Ô
gui,¹ğ
gui,ÙF
gui,¼¾
gui,¿ş
gun,L
gun,¹÷
gung,¹¤
gung,¹«
gung,¹¦
gung,¹¥
gung,ò¼
gung,¹¯
gung,Ø•
ha,¹ş
ha,¸ò
ha,İ^
ha,B
ha,Îr
ha,è¦
ha,Ï¾
ha,Ï¼
ha,ÏÂ
ha,ÏÅ
ha,ÏÄ
hab,??
hab,Éw
hab,ºÏ
hab,ºĞ
hab,Ï»
hab,ªM
had,¹ş
had,Ï¹
hag,ºË
hag,¿Í
hag,‡˜
hai,º¢
hai,º¡
hai,Ïª
hai,ÙÉ
hai,Ğ¬
hai,ÖC
hai,Ğµ
hai,Ğ¸
hai,Ğ·
ham,òÀ
ham,º¨
ham,º©
ham,º¬
ham,º¯
ham,º­
ham,º°
ham,º³
ham,º¶
ham,ûy
ham,ÏÌ
ham,†¥
ham,ã•
ham,Å`
ham,Ïİ
han,ß€
han,º±
han,ée
han,éf
han,Í˜
han,ÏŞ
han,Ç{
hang,ĞĞ
hang,Ã†
hang,èì
hang,¿»
hang,¿Ó
hau,ºÁ
hau,ºÃ
hau,ºÆ
hau,ğ©
hau,Ïı
hau,Ğ¢
hau,Ğ§
hau,ğP
he,Ùâ
he,Ïµ
he,‚S
hed,ÛÀ
hed,ºË
hed,ºÕ
hed,ºÚ
hed,Ğª
hem,º¬
hem,º°
hen,¾
hen,ĞĞ
hen,ºŞ
hen,ºà
hen,a
hen,¿Ï
hen,ĞÓ
hen,ĞÒ
heu,ºî
heu,ºí
heu,ºï
heu,ºó
heu,ºñ
heu,áá
heu,ºò
heu,¿Ú
heu,¿Û
hi,·Î
hi,ÔS
hi,»ü
hi,Æğ
hi,Æû
hi,šâ
hi,—‰
hi,Æ÷
hi,È¥
hi,Ùâ
hi,Ï£
hi,Ï¡
hi,Îõ
hi,Îû
hi,ìä
hi,Ï²
hi,‘ò
hi,Ì“
hi,Ğæ
hia,éi
hiab,‚b
hiab,{
hiab,…f
hiab,’¶
hiab,Ã{
hiab,†à
hiag,„¡
hiam,ñM
hiam,ÏÓ
hiam,ëU
hiau,ÂN
hiau,•Ô
hib,ôâ
hib,Ÿè
hid,Ï¶
hied,Ğª
hied,Ñ¨
hied,Ñª
hien,Á
hien,ÏÆ
hien,ÏÒ
hien,Ùt
hien,?
hien,ï@
hien,¬F
hien,‘—
hien,«I
hien,Ü
hien,Ğş
hien,Ğı
hieu,ÂN
hieu,—n
hieu,•Ô
hieu,‹„
him,ôâ
him,?
him,ĞÀ
him,öÎ
him,Åd
hin,ä\
hin,á…
hin,ĞÌ
hin,ĞÏ
hin,ĞÎ
hin,ĞÍ
hin,Åd
hin,•
hio,Ñ¥
hiog,È´
hiog,…s
hiong,ÉÎ
hiong,Ïã
hiong,àl
hiong,Ïí
hiong,ğA
hiong,í‘
hiong,Ïò
hiu,Çğ
hiu,Çñ
hiu,Ğİ
hiu,ßİ
hiu,Ğà
hiug,Ğó
hiug,Ğñ
hiug,Ğî
hiun,ĞÀ
hiun,„×
hiun,Ñ¬
hiun,Ó–
hiung,Ğ×
hiung,ĞÖ
hiung,ĞÙ
hiung,›°
hiung,ĞØ
hiung,ĞÛ
ho,İï
ho,ºÁ
ho,ºÀ
ho,º¾
ho,ºÃ
ho,ºÄ
ho,Ì–
ho,ºÇ
ho,àÀ
ho,ºÎ
ho,ºÓ
ho,ºÉ
ho,ÙR
ho,Ü
hod,ºÈ
hod,êÂ
hod,¿Ê
hod,İ 
hog,ŸÀ
hog,úQ
hog,š¤
hog,ŒW
hoi,º£
hoi,º¥
hoi,º¦
hoi,ñ”
hoi,îW
hon,º®
hon,º¹
hon,ºµ
hon,º´
hon,h
hon,äI
hon,º²
hong,º»
hong,ĞĞ
hong,º¼
hong,º½
hong,?
hong,½µ
hong,¿·
hong,Ïï
hong,í—
i,¶ø
i,ƒº
i,Èç
i,Èå
i,Èæ
i,Èé
i,ÒÁ
i,ÒÂ
i,ÒÀ
i,át
i,ÒÄ
i,ß×
i,ÒÌ
i,ÒÈ
i,ÒÆ
i,ï
i,ÒÑ
i,ÒÔ
i,ÒÓ
i,ÒĞ
i,ÒÎ
i,Ò×
i,®
i,ÒŞ
i,Òá
i,Òâ
i,ƒ|
i,‘›
i,Òú
i,ì¶
i,Óà
i,Óá
i,İÇ
i,Óâ
i,Óä
i,ÓÜ
i,ğN
i,Óè
i,Óî
i,Óğ
i,Óê
i,Óí
i,Åc
i,Ó÷
i,Ô£
i,Óú
i,îA
i,Ô¥
i,°K
i,×u
ia,ßö
ia,Ò®
ia,Ò¬
ia, ”
ia,Ò²
ia,Ò±
ia,Ò°
ia,Ò¹
ia,’L
ia,ß@
iab,ëç
iab,í“
iab,È~
iag,µû
iag,”@
iam,Äd
iam,ÑÍ
iam,é
iam,Ñ×
iam,º™
iam,û}
iam,ÑÚ
iam,’ï
iam,Ñæ
iam,…’
iang,Ó¡
iang, I
iang,¿M
iang,ÚA
iang,Ó°
iang,Ó³
iau,èÕ
ib,Ò¾
ib,ÒØ
id,×
id,Òº
id,Ò»
id,Ò¼
id,Òà
id,ÒÖ
id,ÒÛ
id,Ò×
id,ŞÄ
id,Òß
id,Òæ
id,Òİ
id,İW
id,Òç
id,¿O
id,Òí
ie,³Ú
ie,Ò´
ie,Òº
ie,Ş~
ie,òõ
ied,½Ò
ied,ÍÚ
ied,ÒÒ
ied,Ô»
ied,‚
ied,Ô½
ied,»›
ied,é†
ien,ãU
ien,È»
ien,Íè
ien,ÏÆ
ien,¿h
ien,ëÙ
ien,İÎ
ien,ŸŸ
ien,ÑÓ
ien,ÑØ
ien,ÑÑ
ien,óÛ
ien,Ñİ
ien,êÌ
ien,Ñç
ien,³
ien,Ñà
ien,Ô©
ien,œY
ien,øx
ien,Ô¬
ien,†T
ien,Ô®
ien,ˆ@
ien,ˆA
ien,Ô³
ien,¾‰
ien,™´
ien,ßh
ien,Ô¹
ien,Ôº
ieu,Ø²
ieu,Ñı
ieu,Ñü
ieu,Ñû
ieu,Ò¦
ieu,“u
ieu,ßb
ieu,¬
ieu,¸G
ieu,Ö{
ieu,Ò¨
ieu,Òª
ieu,ú_
im,ïş
im,ÈÎ
im,Òô
im,ê
im,Êa
im,Òù
im,ï‹
in,ÈÊ
in,ÈÔ
in,Òò
in,Òö
in,Òó
in,‘@
in,Òı
in,Ó¡
in,Ó¢
in,‹ë
in,™Ñ
in,Ó¯
in,¬“
in,Ùø
in,Î
in, I
in,¿M
in,Ï‰
in,·f
in,‘ª
io,à¡
iog,Èô
iog,Ë
iog,†N
iog,Ô¡
iog,¼s
iog,ÜS
iong,Ñë
iong,ãó
iong,Ñê
iong,Ñí
iong,ø„
iong,Ñò
iong,Ñó
iong,ê–
iong,“P
iong,—î
iong,¯ƒ
iong,Ñõ
iong,ğB
iong,°W
iong,Ñú
iong,˜Ó
iu,Èá
iu,ÓÄ
iu,ÓÆ
iu,‘n
iu,ƒ
iu,ÓÈ
iu,ÓÉ
iu,ÓÍ
iu,à]
iu,ªq
iu,ß[
iu,ÓÎ
iu,ôœ
iu,ÓÑ
iu,ÓĞ
iu,ÓÏ
iu,ÓÖ
iu,ÓÒ
iu,Ó×
iu,ÓÓ
iu,èÖ
iu,µv
iud,ú–
iud,ôd
iug,Èè
iug,Èì
iug,Óô
iug,Óı
iug,êÅ
iug,Ô¡
iug,Óû
iug,ìÏ
iug,Ø¹
iug,‘j
iui,Ş¨
iui,ÜÇ
iui,î£
iui,äJ
iun,éc
iun,™
iun,Òü
iun,ÓÀ
iun,Ó¾
iun,Ô
iun,ÔÆ
iun,„ò
iun,êÀ
iun,ÔÅ
iun,¼‹
iun,ë…
iun,ÔÊ
iun,ëE
iun,ÔĞ
iun,ß\
iun,ìÙ
iun,í
iung,ÈÖ
iung,È×
iung,Èİ
iung,½q
iung,ÈØ
iung,ÈÜ
iung,éÅ
iung,˜s
iung,ÈÛ
iung,ÈÚ
iung,V
iung,ĞÜ
iung,Ó¶
iung,Ó¹
iung,Óº
iung,“í
iung,ÛÕ
iung,°b
iung,ğ®
iung,ÓÂ
iung,œ¥
iung,Ûx
iung,ÓÃ
ji,”D
ji,¼À
ji,ëH
ji,„©
ji,ú
ji,½ã
ji,—«
ji,‰P
ji,æ¢
ji,n
jia,àµ
jia,½ã
jia,½è
jia,Ğ±
jiab,½Ó
jiab,½Ş
jiab,İm
jiag,ÛE
jiam,¼â
jiam,Õ¼
jiam,×
jiam,Õº
jiang,²Â
jiang,İ¼
jiang,ëæ
jiang,¾®
jiang,›G
jiang,ìn
jiau,½Ë
jiau,øB
jib,?
jid,ßó
jid,·e
jid,¼´
jid,“V
jid,úW
jid,¿ƒ
jid,Û”
jid,öa
jid,ØŸ
jid,‡K
jid,Ö«
jid,n
jied,¹
jied,½Ø
jied,”T
jien,¼å
jien,¼ô
jien,¼ö
jien,¼ı
jien,Ë]
jien,ğT
jim,½ş
jim,†w
jin,•x
jin,ßM
jin,¾§
jin,¾¦
jin,¾«
jiod,†‡
jiod,àÜ
jiog,¾ô
jiog,È¸
jiong,Œ¢
jiong,{
jiong,ÊY
jiong,Š\
jiong,˜ª
jiong,ª„
jiong,áu
jiu,¾¾
jiu,à±
jiu,¾Æ
jiu,°™
jiu,¿U
jiug,×ã
jiung,Û™
jiung,¿v
ka,İ^
ka,¿¨
kab,ºÏ
kab,¿Ä
kab,Ç¢
kab,Ç¡
kad,¿Ì
kag,¿¦
kag,“U
kai,„£
kai,?
kai,„P
kam,¿±
kam,¿°
kam,ı
kam,¿²
kam,€
kam,´|
kam,Ç¶
kan,­h
kan,ß§
kan,¿¯
kan,Ù©
kang,’®
kang,¿Ø
kau,½»
kau,¿¼
kau,¿½
kau,¿¾
kau,êû
kau,ÇÃ
kau,ÇÉ
kau,Óˆ
ki,»ü
ki,¼É
ki,¾Ş
ki,¾Ü
ki,¾ß
ki,¾ã
ki,¾à
ki,ÆÚ
ki,ÆÛ
ki,Æî
ki,Æä
ki,Ææ
ki,Æí
ki,Æå
ki,òà
ki,Æì
ki,òT
ki,Æó
ki,ØM
ki,†¢
ki,—‰
ki,…^
ki,ç
ki,È¥
kia,Ù¤
kia,?
kia,áª
kia,Çæ
kia,’|
kia,Ãl
kia,ìî
kia,…í
kiab,Ã
kiab,ÇÓ
kiag,åì
kiag,„¡
kiam,ƒ€
kiam,™‘
kiam,Öt
kiam,’ƒ
kiam,ãQ
kiam,Ç·
kiam,Ç¸
kiang,ÙÓ
kiang,İp
kiang,‘c
kiau,ÇÉ
kiau,ÂN
kib,¼°
kib,¼³
kib,¼‰
kib,Îü
kid,˜O
kid,³L
kie,†Ë
kie,Æò
kie,Æõ
kie,Ïª
kieb,“R
kied,‚Ü
kied,áÈ
kied,ØÊ
kied,õê
kied,¿È
kied,¿Ë
kied,¿Ì
kied,„w
kied,¿Í
kied,Æò
kied,È±
kiem,m
kien,ºà
kien,¼ş
kien,½¡
kien,ëì
kien,æI
kien,¾ë
kien,èğ
kien,½v
kien,¿Ï
kien,‰¨
kien,‘©
kien,Äı
kien, ¿
kien,í©
kien,ò¯
kien,Ç¬
kien,Ç²
kien,×l
kien,Ç™
kien,í•
kien,È¦
kien,È­
kien,™à
kien,È®
kien,È¯
kien,„ñ
kieu,¹¿
kieu,ËŠ
kieu,ŞI
kieu,ôb
kieu,¿Ú
kieu,ßµ
kieu,¿Û
kieu,¿Ü
kieu,ÜE
kieu,†Ì
kieu,ƒS
kieu,˜ò
kieu,ÇË
kieu,ÂN
kieu,¸[
kim,ñÆ
kim,ÇÙ
kim,Çİ
kim,ÇÜ
kim,“å
kim,Œ¤
kim,šJ
kin,Ób
kin,¸‚
kin,ÇÚ
kin,Çä
kin,šä
kin,ƒA
kin,İp
kin,‘c
kin,íà
kin,ëÓ
kio,ÇÑ
kio,È³
kiog,…s
kioi,??
kiong,¿ï
kiong,¿ğ
kiong,¿ò
kiong,Ç»
kiong,Š
kiong,éÑ
kiu,¾¾
kiu,¾Ê
kiu,¾Ë
kiu,Åf
kiu,ˆw
kiu,Çó
kiu,ò°
kiu,Çò
kiud,Çü
kiug,¾Ö
kiug,¾Õ
kiug,ÛR
kiug,Çú
kiug,Ğñ
kiun,½ü
kiun,¾½
kiun,¾ú
kiun,¿¤
kiun,ÇÛ
kiun,ÇÚ
kiun,È¹
kiun,Èº
kiung,¹²
kiung,¿Ö
kiung,¸F
ko,¸ê
ko,¿¼
ko,êû
ko,¿¿
ko,¿Á
ko,¿Â
ko,¿Æ
ko,ğâ
ko,¿É
ko,Õn
kog,??
kog,Àª
kog,“n
kog,È¶
kog,´_
koi,¸È
koi,¸Å
koi,ôß
koi,é_
koi,„P
koi,¿®
koi,¿¬
kon,Ù©
kon,¿´
kon,Œ’
kong,¿µ
kong,¿¶
kong,?
kong,¿º
kong,¿¹
kong,‡ã
kong,¿ñ
kong,›r
kong,•ç
kong,µV
ku,âï
ku,¿İ
ku,¿à
ku,ì
kua,–ö
kua,ÕF
kua,¿è
kua,¿ç
kuag,˜}
kuai,„£
kuai,™u
kuai,¿ì
kuai,‰K
kuai,¿ê
kuai,…T
kuan,­h
kuan,ß§
kuan,¿î
kuang,ßÑ
kuang,ÕE
kud,¾ò
kud,¾ó
kud,³L
kud,Çü
kug,¿Ş
kug,¿á
kui,¹ò
kui,™™
kui,¿ø
kui,¸Q
kui,Ì
kui,¿ü
kui,åÓ
kui,Şñ
kui,¿û
kui,¿ı
kui,À¢
kui,¢
kui,ºˆ
kun,À¤
kun,À¥
kun,Ÿj
kun,À¦
kun,½™
kun,À§
kun,±—
kung,¿Õ
kung,¿×
kung,¿Ø
la,À¬
la,À­
la,À²
la,À®
la,Î|
la,ß‰
la,Âã
la,óÁ
lab,À­
lab,åå
lab,À®
lab,ÅD
lab,Ï
lab,Âä
lab,äğ
lab,Ëú
lad,À®
lad,??
lad,ğø
lad,À±
lad,ÁĞ
lad,ÁÒ
lag,ê¹
lag,•Ñ
lag,‰È
lag,°[
lag,Âä
lai,À­
lai,‚|
lai,²A
lai,Ù‡
lai,°]
lai,Àç
lai,Àè
lam,Ë{
lam,ê@
lam,Òh
lam,»@
lam,Ó[
lam,”ˆ
lam,™ì
lam,E
lam,?
lan,¹
lan,Ë{
lan,”r
lan,Ìm
lan,‘
lan,™Ú
lan,»_
lan,‘Ğ
lan, €
lan,ÏÑ
lang,Àä
lang,ÁÁ
lang,ÁÀ
lang,Áæ
lang,ñö
lang,Áã
lang,â
lang, ‹
lang,Áí
lau,“š
lau,»”
lau,`
lau,ÁÊ
lau,Á÷
lau,”{
lau,Âä
lau,ßv
le,ÁË
le,Á¨
le,ßÖ
le,?
leb,À¬
leb,ÀÕ
leb,?
led,Øì
led,’A
led,ÀÕ
lem,’à
len,Àã
leu,“Æ
leu,‡D
leu,˜Ç
leu,“§
leu,ºt
leu,Âª
leu,Â©
leu,¯œ
leu,çU
leu,¿|
li,Àê
li,Àæ
li,Àì
li,Á§
li,Àè
li,ëx
li,»h
li,Àî
li,Àï
li,Ùµ
li,›É
li,Àí
li,Ñe
li,¶Y
li,õ
li,Àô
li,Àû
li,Àı
li,Àó
li,Àş
li,Àò
li,Á¡
li,ÉW
li,…–
li,„î
li,û
li,…Î
li,ÂÃ
li,ŒÒ
li,ÂÄ
li,¿|
li,‘]
lia,ß@
lia,??
liab,Á£
liab,ÁÌ
liab,”Y
liab,«C
liab,?
liag,ÂÓ
liam,Á®
liam,œÇ
liam,?
liam,ºŸ
liam,ç 
liam,”¿
liam,·S
liam,šš
liam,‡
liang,â
liang,îI
liang,X
liang,Áî
liau,ÁË
liau,ÁÄ
liau,ÁÅ
liau,ÁÃ
liau,ß|
liau,å¼
liau,ÁÇ
liau,¯Ÿ
liau,ºƒ
liau,ú
liau,ÁÏ
liau,Œ®
liau,ÁÎ
liau,²t
liau,ç‚
lib,Á¢
lib,óÒ
lid,Á¦
lid,Àõ
lid,šv
lid,µ[
lid,°[
lid,Şæ
lid,ÂÉ
lid,ÂÊ
lied,ÁĞ
lied,ÁÒ
lied,ÁÑ
lien,ßB
lien,É
lien,†ö
lien,i
lien,‘z
lien,Â“
lien,ö–
lien,˜
lien,é¬
lien,Ÿ’
lien,¾š
lien,å€
lien,æœ
lien,‘Ù
lien,”f
lien,†Z
lim,?
lim,ÁÖ
lim,ßø
lim,ÁÜ
lim,ÁØ
lim,ÅR
lim,„C
lim,˜
lim,Êa
lin,Ûk
lin,à
lin,åà
lin,Ÿû
lin,÷[
lin,÷ë
lin,ì¢
lin,Üß
lin,Áá
lin,Áè
lin,Áê
lin,Áâ
lin,ôá
lin,¾c
lin,ıg
lin,ì`
lin,Áí
lin,Áî
lin,İ†
lio,ÁË
liog,ÂÓ
liog,ÂÔ
lion,”
liong,Á¼
liong,›ö
liong,Áº
liong,Á»
liong,˜Å
liong,¼Z
liong,ƒÉ
liong,ÁÁ
liong,Á¿
liong,ÁÀ
liong,İv
liong,Õ
liu,Áï
liu,Áô
liu,Á÷
liu,Áğ
liu,Áò
liu,Áñ
liu,„¢
liu,Áö
liu,ğs
liu,Áø
liu,¾^
liug,Áù
liug,ê‘
liug,ä›
liug,¾G
liung,ıˆ
liung,ë]
liung,‰Å
lo,À­
lo,ÀÎ
lo,„Ú
lo,ÀÏ
lo,ÁÊ
lo,ÄT
lo,Âİ
lo,Á_
lo,æ 
lo,Ì}
lo,ß‰
lo,»j
lo,èŒ
lo,”{
lo,Şû
lod,ÁÓ
lod,ŞÛ
log,ñ˜
log,ÀÓ
log,ÀÒ
log,Âå
log,Âä
log,½j
log,˜·
loi,í
loi,ÈR
loi,ÕC
loi,åG
lon,ƒI
lon,ÂÑ
lon,y
long,à¥
long,ÀÉ
long,ÀÇ
long,?
long,ÀÈ
long,¬˜
long,ÀÆ
long,òë
long,ÀÊ
long,ÀË
long,àò
lu,±R
lu,”m
lu,ÌJ
lu,]
lu, t
lu,èz
lu,ûu
lu,F
lu,ô”
lu,ÙT
lu,Â·
lu,Â¶
lud,?
lud,ÂÉ
lug,Â¹
lug,µ“
lug,Âµ
lug,“¦
lug,ŸÑ
lui,À×
lui,ÀÙ
lui,?
lui,‰¾
lui,ÀÛ
lui,œI
lui,ÀŞ
lui,åG
lui,î
lui,Ò@
lui,Èï
lun,ö
lun,‚
lun,‘
lun,œS
lun,İ†
lun,Õ“
lung,Â¡
lung,ıˆ
lung,Áş
lung,­‡
lung,µa
lung,»\
lung,Ã@
lung,Ği
m,‡`
m,Îã
m,ßí
ma,‹Œ
ma,Âé
ma,†á
ma,¯q
ma,Êh
ma,‹°
ma,ó¡
ma,ñR
ma,¬”
ma,´a
ma,Î›
ma,ÁR
ma,üN
mad,Ä¨
mad,Ä©
mad,ÜÔ
mad,Ä­
mad,ï÷
mad,Òm
mag,Ê{
mag,Ã}
mag,ûœ
mag,üN
mag,??
mai,Âñ
mai,ÙI
mai,Ùu
mai,ß~
man,²m
man,ö 
man,ĞU
man,M
man,Âü
man,Âş
man,Âı
man,Ãò
man,?
mang,…¹
mang,Ã§
mang,òş
mang,òµ
mang,ÃÉ
mang,ÃÍ
mang,òì
mang,Ã÷
mau,Ã¬
mau,Ã©
mau,å^
mau,Ã®
mau,Ã²
me,‡¡
me,Ä·
me,Ø¿
med,ãè
med,ÃÜ
med,ÃÛ
med,“}
med,œç
med,Ãï
med,óú
med,Ä°
med,Ä«
men,ÃË
men,ÃÍ
men,ÃÏ
men,Ò
men,Ãó
men,Ãô
men,é}
men,‘‘
men,Ú¤
men,ã‘
meu,Øˆ
meu,Ã¯
meu,ÙQ
meu,Ãç
meu,Ãè
meu,íğ
meu,Ãë
meu,íµ
meu,Ãì
meu,Ãê
meu,Ãî
meu,R
meu,¿Š
meu,Ö\
meu,Ä³
meu,Äµ
meu,®€
mi,Ã¼
mi,é¹
mi,Ã¿
mi,ÃÀ
mi,’{
mi,ÃÁ
mi,ÃÂ
mi,ÃÄ
mi,ßä
mi,ÃÔ
mi,Öi
mi,ÃÓ
mi,›
mi,Ã×
mi,²[
mi,ãè
mi,Ò’
mi,ÃÜ
mi,Î¢
mi,Î²
mi,Î¶
mia,Ãş
miang,Ã¤
miang,ÃÉ
miang,Ãû
miang,Ã÷
miang,î¨
miang,Ãü
mied,œç
mien,ÃŞ
mien,¾d
mien,Ãâ
mien,Ãã
mien,Ãä
mien,¾’
mien,Ãæ
mien,üI
mien,Ãô
mien,‘‘
min,Ãß
min,Ãñ
min,Ãò
min,ãı
min,Ã÷
min,øQ
min,Ãü
miong,Ã¢
miong,¾W
mo,Ã¤
mo,Ã«
mo,÷Ö
mo,Ã°
mo,Ã±
mo,Ãş
mo,Ä¥
mo,Ÿo
mog,Ä¤
mog,Äª
mog,Ä®
mog,Ä¯
mog,Ä¼
mog,Ä»
moi,Ã¶
moi,İ®
moi,Ã·
moi,Ã½
moi,Ãº
moi,ÃÃ
moi,ÃÓ
mong,Ã¢
mong,Ã¦
mong,Ã¤
mong,Ã£
mong,ÃÉ
mong,Íö
mong,Øè
mong,Íı
mong,Íü
mong,Íû
mu,Ä£
mu,Ä¸
mu,Ä·
mu,Ä¹
mu,Ä½
mu,Äº
mu,Î×
mu,Õ_
mu,Îã
mu,Îè
mud,›]
mud,š{
mug,Ä¾
mug,Ä¿
mug,ÄÁ
mug,Ä»
mug,ÄÀ
mug,ÄÂ
mun,éT
mun,
mun, F
mun,ÎÃ
mun,†–
mung,ÃÉ
mung,÷
mung,•ä
mung,²‰
mung,ãÂ
mung,‰ô
mung,Ä¹
n,àÅ
n,Äã
na,ÁÖ
na,ÄÃ
na,ÄÇ
na,Èô
nab,¼{
nad,?
nag,Şà
nag,•¿
nag,?
nag,Öo
nai,ÄÄ
nai,ÄÌ
nai,‹è
nai,ÄÎ
nai,ÄÍ
nai,Äà
nam,”ˆ
nam,À|
nam,E
nam,ÄĞ
nam,ÄÏ
nam,à«
nam,éª
nam,“D
nan,‘Ğ
nan,ëy
nang,Ük
nang,Áí
nang,ÄÒ
nau,“Ï
nau,À
nau,ô[
ne,ÄØ
ne,ğH
ne,Ä
ne,Ïµ
ned,¸…
ned,Äó
nem,œV
nem,ÄH
nen,µÈ
nen,ÄÜ
nen,Œ
nen,Äı
nen,‡“
nen,Èé
neu,“Ï
neu,Å¤
neu,¼~
neu,âo
neu,á}
ng,Äã
ng,Å®
ng,Îá
ng,…Ç
ng,Îà
ng,òÚ
ng,Îå
ng,Îç
ng,Îé
ng,ô~
ng,O
nga,ƒº
nga,Äß
nga,Íß
nga,Îá
nga,ÑÀ
nga,Ñ¿
nga,??
nga,ÑÂ
nga,ÑÃ
nga,ÑÅ
ngab,¿Ä
ngad,ım
ngad,‡Ü
ngad,Üˆ
ngai,°¤
ngai,??
ngai,Şß
ngai,µK
ngai,ÑÂ
ngam,°©
ngam,??
ngam,îh
ngam,ÑÒ
ngan,°¶
ngan,ŠC
ngan,„\
ngan,ÑĞ
ngang,Ó²
ngau,°½
ngau,éá
ngau,“³
ngau,°¾
ngau,°Á
ngau,??
ngau,Ò§
ngi,¶ú
ngi,ğD
ngi,¶ş
ngi,ÙE
ngi,ÄŞ
ngi,Äã
ngi,”M
ngi,ÒË
ngi,ÒÉ
ngi,ƒx
ngi,Ø×
ngi,Áx
ngi,Õx
ngi,Òã
ngi,Ë‡
ngi,×h
ngi,ÓŞ
ngi,ÕZ
ngi,ır
ngi,Óö
ngi,Óù
ngi,Ô¢
ngi,¶R
ngia,ÈÇ
ngia,Èô
ngia,ı\
ngia,áÚ
ngiab,°¼
ngiab,Äí
ngiab,?
ngiab,”z
ngiab,??
ngiab,˜I
ngiag,î~
ngiag,Äæ
ngiag,áÚ
ngiam,Äé
ngiam,ğ¤
ngiam,Äî
ngiam,†ˆ
ngiam,È½
ngiam,È¾
ngiam,é
ngiam,‡À
ngiam,ò
ngiang,Ó­
ngiang,Ó²
ngiau,Äò
ngiau,Åº
ngiau,‡^
ngib,Èë
ngid,ÈÕ
ngie,°¬
ngie,Ï
ngied,Äõ
ngied,Ÿá
ngied,ÔÂ
ngiem,š‡
ngien,Äê
ngien,“Ó
ngien,ÑÔ
ngien,ÑĞ
ngien,ÑÛ
ngien,©
ngien,Ñã
ngien,ÖV
ngien,×—
ngien,Ôª
ngien,Ô­
ngien,Ô´
ngien,îŠ
ngieu,“³
ngieu,Å¼
ngieu,ğˆ
ngieu,ˆò
ngim,ÈÉ
ngim,ÈÎ
ngim,Ò÷
ngin,ÈË
ngin,ÕJ
ngio,Èà
ngiog,Å°
ngiog,¯‘
ngiog,Èõ
ngion,Èî
ngion,Ü›
ngiong,Äï
ngiong,á„
ngiong,×Œ
ngiong,Ñö
ngiong,˜Ó
ngiu,Å£
ngiu,Å¤
ngiu,??
ngiug,Èâ
ngiug,Óñ
ngiug,ªz
ngiun,ÈÌ
ngiun,ÈĞ
ngiun,Ü
ngiun,íg
ngiun,ãy
ngiung,â
ngiung,Òa
ngiung,Èß
ngiung,œ¥
ngo,¶í
ngo,¶ë
ngo,¶ğ
ngo,¶ê
ngo,ùZ
ngo,ğI
ngo,Å¶
ngo,Íâ
ngo,ÎÒ
ngo,ÅP
ngog,ãµ
ngog,Ø¬
ngog,ÔÀ
ngog,˜·
ngoi,µK
ngoi,´ô
ngoi,Íâ
ngon,°¶
ngong,°º
ngong,ëñ
ngong,‘ß
ngu,Îò
ngu,Îî
ngu,Õ`
ngu,ŠÊ
ngua,Íß
nguan,Íæ
nguan,îB
ngud,Ø£
ngui,Î£
ngui,‚Î
ngui,Îº
ni,µÙ
ni, –
ni,ÄØ
ni,Äİ
ni,Äá
ni,Äà
ni,Äã
ni,Ä
ni,ÒË
niau,øB
niau,‹–
nid,Ää
nid,Äç
nim,˜
nin,Øú
niu,âî
no,Ä¥
no,À
no,è§
no,ÄX
no,??
no,ÄØ
no,Å´
no,’µ
no,Íâ
nog,ÖZ
non,Å¯
nong,Òd
nong,ÄÒ
nong,êÙ
nong,È¿
nong,Íı
nu,Å«
nu,Å¬
nu,Å­
nug,âî
nug,Èä
nui,ğH
nui,ƒÈ
nun,ÄÛ
nung,†U
nung,»\
nung,Şr
nung,‡
nung,â
nung,Ä“
nung,ÀY
nung,Åª
nung,Å«
o,°¢
o,Ò\
o,ŠW
o,°Ä
o,°Ã
o,åí
o,àŞ
o,Å¶
o,…^
o,ŒS
o,‹ë
od,¶ô
og,‡f
og,º
oi,°§
oi,Û
oi,‡†
on,°²
on,°°
on,°´
on,°¸
ong,¹ä
ong,Ñë
pa,°Ç
pa,ÁT
pa,»®
pa,–ö
pa,èË
pa,ÅÀ
pa,°Ò
pa,Ú•
pa,ÅÃ
pa,ÅÁ
pa,ÅÂ
pad,°Î
pad,°Ï
pad,“Ü
pad,â“
pad,?
pad,·¥
pad,?
pad,Š
pag,°×
pag,ÆÇ
pai,”¡
pai,°Ş
pai,ÅÅ
pai,ÅÆ
pai,ÅÉ
pai,Åæ
pai,Åû
pai,??
pan,°é
pan,°è
pan,½O
pan,Şk
pan,·­
pan,ÅË
pan,ÅÊ
pan,ÅÍ
pan,±P
pan,ÅĞ
pan,ÅÎ
pan,ÅÑ
pang,·¼
pang,ƒÓ
pang,†ç
pang,ÅÖ
pang,„ú
pang,Åí
pang,Åï
pang,Åî
pang,Åì
pang,Åò
pau,°û
pau,±§
pau,ãE
pau,±©
pau,±¬
pau,’
pau,ÅÙ
pau,ÅÛ
pau,ÅÜ
pau,Åİ
pau,ÅÚ
pau,³h
ped,°×
ped,„e
ped,²¯
ped,²°
ped,ÊN
pen,Åë
pen,Åó
pen,„R
peu,˜Ë
peu,±ì
peu,Æ¯
peu,æÎ
peu,Æ°
peu,Ëi
peu,Æ±
pi,±¶
pi,±»
pi,‚ä
pi,±Ç
pi,¯H
pi,±É
pi,·Ê
pi,·ñ
pi,Åã
pi,Åà
pi,Åá
pi,Åæ
pi,Åå
pi,Åä
pi,Ø§
pi,Åú
pi,Åû
pi,Æ¤
pi,èÁ
pi,Æ£
pi,Åı
pi,Æ¢
pi,Æ¨
pia,Á‘
piag,Åü
piang,²¡
piang,Åê
piang,Æ½
piang,Æº
pid,±Ü
pid,òğ
pid,Æ¥
pid,±Ù
pid,Æ§
pid,êV
pid,ñâ
pied,„e
pied,Æ²
pien,òù
pien,¾
pien,ãê
pien,±ã
pien,±é
pien,±æ
pien,Æ«
pien,Æª
pien,Æ¬
pien,ò_
pin,Åğ
pin,Æ´
pin,æ°
pin,Øš
pin,îl
pin,Æ·
pin,Æ¸
pin,Æ¹
pin,æ³
pin,Æ½
pin,Æº
pin,ÆÁ
pin,Æ¼
pin,Ôu
pin,‘{
piog,¿`
piog,ÙŸ
piong,·¿
piong,¼
piu,Æ¯
po,²¨
po,¸¡
po,ÆÂ
po,ÆÅ
po,ÆÆ
po,îH
po,ÆÊ
pog,±¢
pog,±¡
pog,²´
pog,ÅÄ
pog,ÆÉ
poi,±³
poi,±º
poi,·Í
poi,Åß
poi,Ùr
poi,Å÷
pon,·­
pong,°ö
pong,°ø
pong,ÃT
pong,ØS
pong,ÅÒ
pong,Ãp
pong,äè
pong,ÅÔ
pong,°ò
pong,Åì
pong,Åò
pong,—Õ
pong,Åö
pu,²¶
pu,²¸
pu,?
pu,²½
pu,²¿
pu,²º
pu,²¾
pu,·õ
pu,·ö
pu,Ü½
pu,·û
pu,¸¦
pu,¸ª
pu,İo
pu,Ó‡
pu,ğ­
pu,ä
pu,ÆĞ
pu,¸¬
pu,ÆÏ
pu,ÆÑ
pu,²r
pu,ÆÒ
pu,ÆÖ
pu,ŸM
pu,ÆÕ
pu,×V
pud,²ª
pud,›Â
pud,²³
pud,†\
pug,ùP
pug,·ü
pug,¸²
pug,ÆÍ
pug,ƒW
pun,ÙS
pun,‰
pun,‡Š
pun,Åè
pun,äÔ
pun,š\
pung,—÷
pung,·ä
pung,äh
pung,ñT
pung,¿p
pung,Åî
pung,Åñ
pung,Åõ
qi,´ã
qi,?
qi,ä©
qi,°U
qi,½Ş
qi,¾Û
qi,ÆŞ
qi,İÂ
qi,œD
qi,¢
qi,—«
qi,ıR
qi,Äš
qi,Æö
qi,Ëj
qi,Ú…
qi,È¡
qi,È¢
qi,È¤
qi,ºY
qi,Ğì
qi,ÔÚ
qi,Ğ
qi,ôÒ
qi,±{
qia,ÇÒ
qia,Ğ±
qia,é¿
qia,Öx
qiab,½İ
qiab,æª
qiag,´Ì
qiag,Ï¯
qiag,Ét
qiam,u
qiam,??
qiam,º
qiam,»`
qiam,‰q
qiam,•º
qiang,İ¼
qiang,œQ
qiang,Çà
qiang,Çå
qiang,Çç
qiang,Õˆ
qiau,ÇÄ
qiau,æ@
qiau,ÇÎ
qiau,“ß
qib,‘
qid,¼²
qid,¼µ
qid,Æß
qid,Æâ
qid,Æİ
qid,Æá
qid,Ï¥
qid,×Ô
qied,½^
qied,ÇĞ
qien,Ùv
qien,Û`
qien,Ç§
qien,Úä
qien,ßw
qien,Ç°
qien,åX
qien,œ\
qien,Ù»
qien,Èª
qim,êJ
qim,ÇÖ
qim,Œ‹
qim,Œ¤
qin,²ä
qin,ƒ
qin,±M
qin,¾¸
qin,ìo
qin,ÇØ
qin,Çà
qin,Çå
qin,ƒA
qin,Çé
qin,íà
qin,ÓH
qio,õí
qio,å 
qio,æ@
qiog,È¸
qiog,ÜS
qion,È«
qion,È¬
qion,Ô
qion,ãŒ
qion,Ë±
qion,Ğı
qiong,˜Œ
qiong,ËN
qiong, 
qiong,“Œ
qiong,Ïñ
qiu,à±
qiu,“[
qiu,¾Í
qiu,Çï
qiu,öq
qiu,Çô
qiu,Çö
qiu,Ğä
qiu,Öæ
qiug,´Ì
qiung,Ä
qiung,ËÉ
qiung,ÖØ
sa,àÄ
sa,ƒŠ
sa,Èö
sa,É³
sa,É°
sa,¼†
sa,ğğ
sa,ôÄ
sa,Éİ
sa,Éß
sa,Éá
sa,’Î
sa,Éç
sa,Éä
sa,Éâ
sa,Àm
sa,×¥
sab,»ø
sab,??
sab,ì¦
sab,Éæ
sab,Ÿ¤
sab,Õ£
sad,Ë_
sad,š¢
sad,É·
sad,Éà
sad,ÔO
sad,Îg
sag,éW
sag,Ê¯
sag,´T
sag,Îö
sai,²ò
sai,ÂÊ
sai,Èû
sai,?
sai,á‡
sai,É¹
sai,•ñ
sai,Ê¹
sai,áã
sam,…¢
sam,¶U
sam,Ïs
sam,Èı
sam,ôL
sam,¼R
sam,ÉÀ
sam,ê„
sam,éW
san,®a
san,†Î
san,„é
san,É¢
san,É½
san,„h
san,Éº
san,ô®
san,É¿
san,ğŞ
san,ÉÈ
san,ÉÆ
san,ÉÅ
san,÷X
sang,³É
sang,³Ç
sang,Éú
sang,Éû
sang,ãH
sang,Â•
sang,Ê¡
sang,Ò 
sang,ĞÇ
sau,³²
sau,ÕV
sau,¿‰
sau,ÉÓ
sau,ÉÚ
sau,??
se,ÊÀ
se,ÊÂ
se,±x
se,óÂ
se,„İ
se,Ë»
se,šq
se,Ï´
se,¼š
se,Ğö
se,Î’
se,òõ
seb,»ø
seb,­
seb,Ğ¼
sed,Èû
sed,É«
sed,Ê­
sed,Ît
sed,Ï¢
sem,…¢
sem,É­
sen,É®
sen,Éú
sen, õ
sen,Éü
sen,óÏ
sen,Éû
sen,Ê¡
sen,ĞÇ
sen,ß©
seu,³î
seu,ÕV
seu,ÇÊ
seu,ÉÓ
seu,ÉÔ
seu,Ÿı
seu,ÉØ
seu,ÉÙ
seu,ÉÛ
seu,½B
seu,ËÑ
seu,ğt
seu,Ğ¤
seu,åĞ
seu,Ïû
seu,Ïü
seu,Ïõ
seu,Ïö
seu,äN
seu,Ê’
seu,º
seu,Ğ¡
seu,Ğ¦
seu,ÕÙ
seu,Õ×
seu,Ôt
seu,ÕØ
sii,ôù
sii,Ê¬
sii,Ê©
sii,ŒÆ
sii,Ÿ
sii,ª{
sii,ÔŠ
sii,•r
sii,ÉP
sii,Ê·
sii,õ¹
sii,Ê¹
sii,Ê¼
sii,Êº
sii,ñ‚
sii,Ê¿
sii,ÊÏ
sii,Ê¾
sii,ÊÀ
sii,ÊË
sii,ÊĞ
sii,ÊÂ
sii,ÊÌ
sii,ÊÇ
sii,ÊÑ
sii,Ò•
sii,„İ
sii,Ô‡
sii,ÊÄ
sii,³×
sii,Êá
sii,”µ
sii,Ë¾
sii,Ë½
sii,Ë¼
sii,Ë¹
sii,½z
sii,ËÈ
sii,ËÂ
sii,ËÅ
sii,ìë
sii,ËÁ
sii,ËÃ
sii,×Ö
siib,œá
siib,ñ
siib,Ê®
siib,Ê°
siid,Ê§
siid,Ê³
siid,Îg
siid,Œ
siid,×R
siid,Ê½
siid,ÊÃ
siid,ÊÒ
siid,ï—
siid,ßm
siim,Éò
siim,Œ
siim,Éõ
siim,É÷
siim,B
siin,³¼
siin,³½
siin,³¿
siin,³É
siin,Ø©
siin,³Ğ
siin,³Ë
siin,Õ\
siin,Éê
siin,Éì
siin,Éí
siin,Éë
siin,¼
siin,Éñ
siin,ÄI
siin,Éı
siin,Ê¢
siin,„Ù
siin,Â}
so,’ß
so,É©
so,ëı
so,Êè
so,Ëô
so,Ëó
so,êı
so,Ëò
so,Út
so,Ëù
so,¬
so,æi
sod,É·
sod,Ë¢
sod,Õf
sog,É×
sog,ÉÖ
sog,è¼
sog,Êø
sog,Ë·
sog,ËÜ
sog,Ëİ
sog,ÃC
sog,¿s
sog,Ë÷
soi,ÂÊ
soi,Èù
soi,Ù
soi,Ë¥
soi,›
soi,¶
soi,Ë¯
soi,šq
son,´¬
son,É£
son,Ë©
son,¯i
son,Ëá
son,Ëâ
son,Ëã
song,³£
song,‡L
song,æÏ
song,ƒ”
song,É£
song,†Ê
song,ÉÌ
song,‚û
song,Ùp
song,ÉÏ
song,ÉĞ
song,ÉÑ
song,Ëª
song,Ë¬
su,³ğ
su,Ùn
su,ÊÕ
su,ÊÖ
su,ÊØ
su,Ê×
su,ÊÜ
su,ÊÚ
su,ÊÛ
su,‰Û
su,Êâ
su,•ø
su,Êæ
su,Êß
su,İ”
su,Êğ
su,Êí
su,Êù
su,Ë¡
su,Êü
su,”µ
su,˜ä
su,ËÖ
su,·d
su,ÌK
su,ËØ
su,ÔV
su,¿s
sud,Êù
sud,Êö
sud,Ğg
sud,Ğ¼
sud,Ğç
sug,Êå
sug,Êç
sug,Êì
sug,ÚH
sug,ŒÙ
sug,Êø
sug,ËÙ
sug,ÃC
sug,¿s
sui,´¹
sui,´â
sui,Èğ
sui,Ë®
sui,ëm
sui,½—
sui,ëS
sui,Ëè
sui,Ëî
sui,Ëé
sui,šq
sui,Ëí
sui,Ëë
sun,¼ƒ
sun,Ã‹
sun,´¾
sun,´¼
sun,´æ
sun,í˜
sun,Ë´
sun,ŒO
sun,¹S
sun,“p
sun,é¾
sun,Ñ®
sun,Ñ²
sun,Ü÷
sun,Ñ­
sun,Ôƒ
sun,ñZ
sun,ßd
sung,ëp
sung,ó 
sung,??
sung,‘Z
sung,ËÎ
sung,ËÍ
ta,Ëû
ta,é½
tab,Ëú
tab,Ëş
tab,é½
tab,Ì¤
tad,ß_
tad,ÜJ
tag,µÑ
tag,?
tai,´ó
tai,´ş
tai,´ú
tai,´ı
tai,µ¡
tai,µÜ
tai,µİ
tai,íû
tai,°]
tai,Ì«
tai,Ì©
tai,‘B
tai,Ìä
tai,Ìã
tai,Ìæ
tai,„d
tam,µ­
tam,Ø
tam,Ìµ
tam,Õ„
tam,Ì¶
tam,•Ò
tam,Ì½
tam,Ÿï
tan,µ«
tan,—
tan,”‚
tan,©
tan,°c
tan,‰¯
tan,Ì´
tan,Ì¹
tan,Ìº
tan,Ì¿
tan,‡@
tang,îª
tang,Ûô
tang,Â 
tang,d
tau,µÀ
tau,Ì×
te,?
te,ÔÚ
ted,ß¯
ted,Ìß
ten,??
ten,à‡
ten,Ú™
ten,ÌÙ
ten,Í¦
teu,¶¹
teu,¶»
teu,¶¾
teu,Íµ
teu,Í¶
teu,î^
teu,”«
teu,Í¸
ti,µÌ
ti,µØ
ti,µÜ
ti,µÚ
ti,ßf
ti,¾†
ti,Œ¦
ti,Ìá
ti,Ìä
ti,î}
ti,ów
ti,Ìê
ti,Ìæ
ti,ÔÚ
tiab,‰|
tiab,à©
tiab,ëº
tiab,µú
tiab,µû
tiab,Õ™
tiab,¯B
tiab,Ìû
tiab,ÙN
tiam,ô¡
tiam,Ìí
tiam,Ìğ
tiam,ãÃ
tiam,¤
tiau,µô
tiau,Õ{
tiau,Ìô
tiau,—l
tiau,Ì÷
tiau,Ìø
tiau,¼g
tid,µÒ
tid,µÏ
tid,µÑ
tid,”³
tid,ÌØ
tid,ÌŞ
tied,èF
tied,Í¹
tien,µè
tien,µé
tien,µì
tien,ëŠ
tien,µî
tien,‰|
tien,Õ
tien,Ìì
tien,Ìï
tien,Ìî
tien,Ìó
tin,¶¨
tin,òv
tin,Í¡
tin,œs
tin,Í¢
tin,Í¤
tin,Í¥
tin,Í£
tin,Í§
tiong,•³
tiu,Áï
to,Œ§
to,µÀ
to,±I
to,µ¾
to,Œ¦
to,¶æ
to,¶è
to,?
to,ÌÏ
to,ı
to,ÌÓ
to,ÌÒ
to,ÌÕ
to,ÌÑ
to,ÌÔ
to,¾T
to,Ó‘
to,Ì×
to,ÍÏ
to,Ù¢
to,ÍÓ
to,íÈ
to,õÉ
to,ñ„
to,Í×
to,™E
to,ÔÚ
tod,ŠZ
tod,Ã“
tog,ÍĞ
tog,Óš
tog,ÍØ
tog,“ñ
toi,´ú
toi,´ü
toi,ÙJ
toi,Ì¥
toi,Ì§
toi,Ì¦
toi,Å_
toi,ïU
toi,Ìİ
toi,ÍÆ
ton,´§
ton,¶Î
ton,¾„
ton,”à
ton,ˆF
ton,¼a
tong,å´
tong,Ê
tong,±U
tong,œ«
tong,ÌÆ
tong,ÌÃ
tong,ÌÄ
tong,ÌÁ
tong,ÌÅ
tong,ÌÇ
tong,ó«
tong,ÌÈ
tu,¶Å
tu,¶È
tu,¶É
tu,åƒ
tu,İ±
tu,Í½
tu,Í¾
tu,ÍÀ
tu,‰T
tu,ˆD
tu,ÍÁ
tu,ÍÃ
tu,Öé
tud,Í¹
tud,¶d
tud,Í»
tug,¶¾
tug,ªš
tug,×x
tug,á
tui,ÍÆ
tui,îj
tui,ÍÈ
tui,ÍË
tui,Í‘
tui,ÍÊ
tun,¶Ü
tun,¶İ
tun,âg
tun,ÍÊ
tun,ÍÌ
tun,ÍÍ
tun,ëà
tun,ÍÎ
tung,¶´
tung,„Ó
tung,Í¨
tung,¯]
tung,Í¬
tung,Í©
tung,Í¯
tung,Ù×
tung,ã~
tung,Í°
tung,Í²
tung,½y
tung,Í´
va,ÈA
va,Ô’
va,ÍÚ
va,ÍÛ
va,ÍÜ
va,ÙË
va,—¿
vad,»«
vad,»¬
vad,ÎÓ
vag,®‹
vag,„
vag,ÍÚ
vag,Ÿî
vai,Íá
van,ß€
van,­h
van,Íã
van,
van,³
van,Íê
van,Íì
van,Íí
van,İn
van,Èf
vang,?
vang,™M
ve,‡‚
ve,Î¯
ve,’Ú
ved,ÍÚ
ved,Óò
vi,Íş
vi,Ş±
vi,é
vi,Î¨
vi,Î©
vi,‡ú
vi,ß`
vi,¾S
vi,Î¯
vi,‚¥
vi,Õ†
vi,¾•
vi,Î´
vi,Î»
vi,Î·
vi,Î¸
vi,Î¾
vi,Ğl
vi,Î¿
vi,Ö^
vi,ğj
vi,ßz
vid,·÷
vo,ºÌ
vo,ºÍ
vo,ÙÁ
vo,†
vo,œu
vo,¸C
vog,»í
vog,»ô
vog,ß«
vog,èZ
vog,ÎÖ
vog,ÎÕ
voi,•ş
voi,“G
voi,ìĞ
von,“Q
von,Íê
von,Íë
von,Íó
vong,üS
vong,»Ç
vong,»É
vong,Íô
vong,Íõ
vong,Í÷
vong,Íù
vong,Íú
vu,º
vu,õ
vu,Ÿo
vu,Îä
vu,Îê
vu,Îè
vu,Îì
vu,„Õ
vu,ìF
vu,›@
vu,Óó
vud,–F
vud,“‹
vud,Îğ
vud,Îï
vud,‘C
vug,Îİ
vun,œ†
vun,œØ
vun,ÎÁ
vun,ÎÄ
vun,É
vun,¼y
vun,Â„
vun,ØØ
vun,ÎÇ
vun,·€
vun,ãë
vun,“‹
vung,ÎÌ
vung,İî
vung,Ş³
vung,®Y
xi,ÆÜ
xi,ºY
xi,ßÓ
xi,Ë¼
xi,½z
xi,ËÀ
xi,ËÄ
xi,ËÁ
xi,Î÷
xi,Ï¬
xi,¼š
xi,ñã
xi,íš
xi,Ğè
xi,ôP
xi,Ğò
xi,”¢
xi,Ğõ
xi,¾w
xia,éi
xia,Ğ°
xia,Œ‘
xia,Ğ¶
xia,a
xiab,Ğ¨
xiab,›ª
xiag,ùo
xiag,Ï§
xiag,åa
xiam,“
xiam,åß
xiang,Ê¡
xiang,ğh
xiang,ĞÈ
xiang,ĞÑ
xiang,ĞÕ
xiau,k
xiau,Ïû
xib,¾ƒ
xib,¼¯
xib,
xib,İ‹
xib,Á•
xib,Òu
xid,¼®
xid,¼Å
xid,Éª
xid,·w
xid,Ï¦
xid,Îô
xid,Îö
xid,Ï¢
xid,Ï¤
xid,Ï§
xid,Ï¨
xid,åa
xid,Ï¯
xid,Ï±
xid,Ğô
xied,Ğ¹
xied,›ª
xied,Ñ¦
xied,Ñ©
xien,É¿
xien,Ï´
xien,ÏÉ
xien,ÏÈ
xien,õr
xien,õĞ
xien,ÏÙ
xien,Áw
xien,¾€
xien,Ğû
xien,Ğú
xien,Ğı
xien,­v
xien,ßx
xien,°_
xim,Çß
xim,ĞÄ
xim,Ğ¾
xin,ÏÈ
xin,ĞÁ
xin,ĞÂ
xin,Ğ½
xin,Ø¶
xin,ĞÅ
xin,ĞÔ
xin,Ó
xio,?
xiog,Ï÷
xiong,½³
xiong,Ïà
xiong,û
xiong,Ïæ
xiong,Ïä
xiong,Ïå
xiong,Ïé
xiong,Ô”
xiong,Ïë
xiong,Ïó
xiong,Ïñ
xiong,Ïğ
xiu,ï`
xiu,óã
xiu,ĞŞ
xiu,Ã‘
xiu,Ğß
xiu,ËŞ
xiu,Ğã
xiu,ÀC
xiug,Êç
xiug,Êì
xiug,Ë×
xiug,Ùí
xiug,ËÚ
xiug,ÃC
xiug,ËŞ
xiug,Àm
xiung,áÔ
xiung,ÔA
xiung,í
xiung,Õb
za,Ôü
za,é«
za,Õ¨
za,Ôp
za,Õ¥
za,ÕÚ
za,Õß
za,Õá
za,×¥
zab,ãN
zab,ÔÒ
zab,Ôı
zab,ß¡
zab,ñŞ
zad,ŞÙ
zad,Ôú
zad,¼™
zad,òØ
zad,ÕÛ
zad,ÕÜ
zad,Õã
zag,Õ¦
zag,Õª
zag,Õ­
zag,³K
zag,ëb
zag,ÖË
zai,Ä
zai,ÔÕ
zai,ÔÔ
zai,Ô×
zai,áÌ
zai,İd
zai,ÔÙ
zai,ıS
zai,‚ù
zam,¶|
zam,ô¢
zam,Õ²
zam,”Ø
zam,ä
zam,Õ¼
zam,Õ¾
zam,Õ¿
zam,Õº
zan,åî
zan,Äë
zan,Ù
zan,×“
zan,šÖ
zan,Õ¹
zan,±K
zan,İš
zan,—£
zan,‘ğ
zang,Ôö
zang, 
zang,?
zang,’ê
zang,Õû
zang,Õı
zau,Ôé
zau,Ôë
zau,Ôï
zau,×¦
zau,ÕÒ
zau,óÉ
zau,ÕÖ
ze,æÊ
ze,ıS
ze,ß@
ze,æ¢
zeb,´é
zeb,Éæ
zed,‚È
zed,œy
zed,„t
zed,ØÆ
zem,“Ë
zem,Õè
zen,Ôø
zen,Ôö
zen,Ô÷
zen,´Œ
zen,êµ
zen, 
zen,¹~
zeu,³¯
zeu,½·
zeu,½¹
zeu,½¶
zeu,õ´
zeu,ÕĞ
zeu,ÕÑ
zeu,ÕÓ
zeu,Ôt
zeu,ÕÕ
zeu,àu
zeu,×ß
zeu,×à
zii,í÷
zii,×Ğ
zii,Ö®
zii,Ö§
zii,Ö»
zii,Ö¥
zii,Ö¨
zii,Ö¦
zii,Öª
zii,Ö¬
zii,Ö¹
zii,Ö¼
zii,Ö·
zii,ÜÆ
zii,ìí
zii,Ö¸
zii,¼ˆ
zii,Öº
zii,ÖÁ
zii,Ö¾
zii,ÖÆ
zii,ÖÂ
zii,ÖÇ
zii,ğë
zii,ÖÃ
zii,ÖÉ
zii,Ñu
zii,ÕI
zii,Ã
zii,ëù
zii,¿@
zii,×Î
zii,Æ
zii,×É
zii,×Ë
zii,×Ì
zii,ÙY
zii,ÖJ
zii,×Ó
zii,×Ñ
zii,è÷
zii,×Ï
ziib,Ö­
ziib,ˆÌ
ziid,Ö»
ziid,¿—
ziid,Âš
ziid,ÖÈ
ziid,Ù|
ziim,’b
ziim,á˜
ziim,Õå
ziim,Õí
ziim,“L
ziin,Õä
ziin,Ø‘
ziin,Õæ
ziin,‚É
ziin,µ
ziin,Õé
ziin,Õî
ziin,Ô\
ziin,Õñ
ziin,Ùc
ziin,Õğ
ziin,æ‚
ziin,Õ÷
ziin,Õô
ziin,Õü
ziin,Õû
ziin,Õı
ziin,Õş
ziin,Ö¢
ziin,×C
ziin,áç
zo,Ôâ
zo,Ôã
zo,Ôç
zo,——
zo,Ôî
zo,×ó
zo,×ô
zo,×ö
zod,†‡
zod,×¾
zod,àÜ
zog,ËÜ
zog,Öø
zog,×½
zog,×À
zog,×¿
zog,í½
zog,×Ã
zog,×÷
zoi,à¹
zoi,ÔÕ
zoi,Ô×
zoi,İd
zoi,åF
zoi,–K
zoi,×ì
zon,Œ£
zon,´u
zon,ŞD
zon,×ë
zon,è
zong,éL
zong,
zong,Ôá
zong,ÕÂ
zong,ˆ
zong,ÕÃ
zong,è°
zong,ÕÁ
zong,ó¯
zong,ÕÆ
zong,q
zong,¤
zong,Ã›
zong,ÕÏ
zong,á¤
zong,Ù~
zong,ÕÎ
zong,Šy
zong,Çf
zong,Ñb
zong,‰Ñ
zu,ÖÛ
zu,Öİ
zu,ÖÜ
zu,ÖŞ
zu,ßL
zu,Öä
zu,•ƒ
zu,Öì
zu,Üï
zu,Öé
zu,Öê
zu,³p
zu,ÕD
zu,Øi
zu,ÖT
zu,Ö÷
zu,Öó
zu,×¢
zu,Öø
zu,Öû
zu,Ô]
zu,ñv
zu,×â
zu,×è
zu,×æ
zu,½M
zu,Ô{
zud,ßı
zud,ã²
zud,—½
zud,×ä
zud,?
zug,Öà
zug,Öñ
zug, T
zug,‡Ú
zug,×£
zug,ºB
zui,×·
zui,åF
zui,‰‹
zui,õş
zui,×ì
zui,×î
zui,×í
zun,î
zun,¿¡
zun,¾ş
zun,¿¢
zun,ÛÚ
zun,Õ
zun,×¼
zun,œÊ
zun,×ğ
zun,×ñ
zun,é×
zun,ß¤
zung,ô©
zung,ÖĞ
zung,ÖÒ
zung,ÖÑ
zung,ÖÔ
zung,½K
zung,æR
zung,çŠ
zung,Ä[
zung,·N
zung,±Š
zung,×Ú
zung,×Ø
zung,¾C
zung,××
zung,¿‚
zung,ôÕ
